{"LAP": [-1.1464130878448486, -1.1464130878448486, -1.1464130878448486, -1.1464130878448486, -1.1464130878448486, -1.1464130878448486, -1.1464130878448486, -1.1464130878448486, -1.1464130878448486, -1.1464130878448486, -1.1464130878448486, 5.929417133331299, 5.929417133331299, 5.929417133331299, 5.929417133331299, -1.191246509552002, -1.191246509552002, -1.191246509552002, -1.191246509552002, -1.191246509552002, -1.191246509552002, -1.191246509552002, -1.191246509552002, -1.191246509552002, -1.191246509552002, -1.191246509552002, -1.191246509552002, -1.191246509552002, -1.191246509552002, -1.191246509552002, -1.191246509552002, -1.191246509552002, -1.191246509552002, -1.191246509552002, -1.191246509552002, -1.191246509552002, -1.191246509552002, -1.191246509552002, -1.191246509552002, -1.191246509552002, -1.191246509552002, -1.191246509552002, -1.191246509552002, -1.191246509552002, -1.191246509552002, -1.191246509552002, -1.191246509552002, -1.191246509552002, -1.191246509552002, -1.191246509552002, -1.191246509552002, -1.191246509552002, -1.191246509552002, 2.9300761222839355, 2.9300761222839355, 2.9300761222839355, 2.9300761222839355, 2.9300761222839355, 2.9300761222839355, 2.9300761222839355, 2.9300761222839355, 2.9300761222839355, 2.9300761222839355, 2.9300761222839355, 2.9300761222839355, 2.9300761222839355, -6.9951043128967285, -6.9951043128967285, -6.9951043128967285, -6.9951043128967285, -6.9951043128967285, -6.9951043128967285, -6.9951043128967285, -6.9951043128967285, -6.9951043128967285, -6.9951043128967285, -6.9951043128967285, -6.9951043128967285, -6.9951043128967285, -6.9951043128967285, -6.9951043128967285, -6.9951043128967285, -6.9951043128967285, -6.9951043128967285, -6.9951043128967285, -6.9951043128967285, -6.9951043128967285, -6.9951043128967285, -6.9951043128967285, -6.9951043128967285, -6.9951043128967285, -6.9951043128967285, -6.9951043128967285, 6.98718786239624, 6.98718786239624, 6.98718786239624, 6.98718786239624, 6.98718786239624, 6.98718786239624, 6.98718786239624, 6.98718786239624, 6.98718786239624, 6.98718786239624, 6.98718786239624, 6.98718786239624, 6.98718786239624], "mask_nr": 124, "mask_points": [[3410.0, 3409.0, 3408.0, 3407.0, 3406.0, 3405.0, 3404.0, 3403.0, 3402.0, 3401.0, 3400.0, 3399.0, 3398.0, 3397.0, 3396.0, 3395.0, 3394.0, 3393.0, 3392.0, 3391.0, 3390.0, 3390.0, 3389.0, 3388.0, 3387.0, 3386.0, 3385.0, 3384.0, 3383.0, 3382.0, 3381.0, 3380.0, 3379.0, 3378.0, 3377.0, 3376.0, 3375.0, 3374.0, 3373.0, 3372.0, 3371.0, 3370.0, 3369.0, 3368.0, 3367.0, 3366.0, 3365.0, 3364.0, 3363.0, 3362.0, 3362.0, 3361.0, 3360.0, 3359.0, 3358.0, 3357.0, 3357.0, 3356.0, 3355.0, 3354.0, 3353.0, 3352.0, 3351.0, 3350.0, 3349.0, 3348.0, 3347.0, 3346.0, 3345.0, 3344.0, 3343.0, 3342.0, 3341.0, 3340.0, 3339.0, 3338.0, 3337.0, 3336.0, 3335.0, 3334.0, 3333.0, 3332.0, 3331.0, 3330.0, 3329.0, 3328.0, 3327.0, 3326.0, 3325.0, 3324.0, 3323.0, 3322.0, 3321.0, 3320.0, 3319.0, 3318.0, 3317.0, 3316.0, 3315.0, 3314.0, 3313.0, 3312.0, 3312.0, 3311.0, 3310.0, 3309.0], [6332.0, 6331.0, 6330.0, 6329.0, 6328.0, 6327.0, 6326.0, 6325.0, 6324.0, 6323.0, 6322.0, 6321.0, 6320.0, 6319.0, 6318.0, 6317.0, 6316.0, 6315.0, 6314.0, 6313.0, 6312.0, 6311.0, 6310.0, 6309.0, 6308.0, 6307.0, 6306.0, 6305.0, 6304.0, 6303.0, 6302.0, 6301.0, 6300.0, 6299.0, 6298.0, 6297.0, 6296.0, 6295.0, 6294.0, 6294.0, 6293.0, 6292.0, 6291.0, 6290.0, 6289.0, 6288.0, 6287.0, 6286.0, 6285.0, 6284.0, 6283.0, 6282.0, 6281.0, 6280.0, 6279.0, 6278.0, 6277.0, 6276.0, 6275.0, 6274.0, 6273.0, 6272.0, 6271.0, 6270.0, 6269.0, 6268.0, 6267.0, 6266.0, 6265.0, 6264.0, 6263.0, 6262.0, 6261.0, 6261.0, 6260.0, 6259.0, 6259.0, 6258.0, 6257.0, 6256.0, 6255.0, 6254.0, 6253.0, 6252.0, 6251.0, 6250.0, 6249.0, 6248.0, 6247.0, 6246.0, 6245.0, 6244.0, 6243.0, 6242.0, 6241.0, 6240.0, 6239.0, 6238.0, 6237.0, 6236.0, 6235.0, 6234.0, 6233.0, 6232.0, 6231.0, 6230.0]], "bounds": "0 15000 65000 75000", "angle": [135.0, 135.0, 135.0, 135.0, 135.0, 135.0, 135.0, 135.0, 135.0, 135.0, 135.0, 135.0, 135.0, 135.0, 135.0, 135.0, 135.0, 135.0, 135.0, 135.0, 180, 135.0, 135.0, 135.0, 135.0, 135.0, 135.0, 135.0, 135.0, 135.0, 135.0, 135.0, 135.0, 135.0, 135.0, 135.0, 135.0, 135.0, 90.0, 135.0, 135.0, 135.0, 135.0, 135.0, 135.0, 135.0, 135.0, 135.0, 135.0, 180, 135.0, 135.0, 135.0, 135.0, 135.0, 180, 135.0, 135.0, 135.0, 135.0, 135.0, 135.0, 135.0, 135.0, 135.0, 135.0, 135.0, 135.0, 135.0, 135.0, 135.0, 135.0, 90.0, 135.0, 135.0, 90.0, 135.0, 135.0, 135.0, 135.0, 135.0, 135.0, 135.0, 135.0, 135.0, 135.0, 135.0, 135.0, 135.0, 135.0, 135.0, 135.0, 135.0, 135.0, 135.0, 135.0, 135.0, 135.0, 135.0, 135.0, 135.0, 180, 135.0, 135.0, 135.0], "LMP1": [-1.1464130878448486, -1.1464130878448486, -1.1464130878448486, -1.1464130878448486, -1.1464130878448486, -1.1464130878448486, -1.1464130878448486, -1.1464130878448486, -1.1464130878448486, -1.1464130878448486, -1.1464130878448486, 5.929417133331299, 5.929417133331299, 5.929417133331299, 5.929417133331299, -1.191246509552002, -1.191246509552002, -1.191246509552002, -1.191246509552002, -1.191246509552002, -1.191246509552002, -1.191246509552002, -1.191246509552002, -1.191246509552002, -1.191246509552002, -1.191246509552002, -1.191246509552002, -1.191246509552002, -1.191246509552002, -1.191246509552002, -1.191246509552002, -1.191246509552002, -1.191246509552002, -1.191246509552002, -1.191246509552002, -1.191246509552002, -1.191246509552002, -1.191246509552002, -1.191246509552002, -1.191246509552002, -1.191246509552002, -1.191246509552002, -1.191246509552002, -1.191246509552002, -1.191246509552002, -1.191246509552002, -1.191246509552002, -1.191246509552002, -1.191246509552002, -1.191246509552002, -1.191246509552002, -1.191246509552002, -1.191246509552002, 2.9300761222839355, 2.9300761222839355, 2.9300761222839355, 2.9300761222839355, 2.9300761222839355, 2.9300761222839355, 2.9300761222839355, 2.9300761222839355, 2.9300761222839355, 2.9300761222839355, 2.9300761222839355, 2.9300761222839355, 2.9300761222839355, -6.9951043128967285, -6.9951043128967285, -6.9951043128967285, -6.9951043128967285, -6.9951043128967285, -6.9951043128967285, -6.9951043128967285, -6.9951043128967285, -6.9951043128967285, -6.9951043128967285, -6.9951043128967285, -6.9951043128967285, -6.9951043128967285, -6.9951043128967285, -6.9951043128967285, -6.9951043128967285, -6.9951043128967285, -6.9951043128967285, -6.9951043128967285, -6.9951043128967285, -6.9951043128967285, -6.9951043128967285, -6.9951043128967285, -6.9951043128967285, -6.9951043128967285, -6.9951043128967285, -6.9951043128967285, 6.98718786239624, 6.98718786239624, 6.98718786239624, 6.98718786239624, 6.98718786239624, 6.98718786239624, 6.98718786239624, 6.98718786239624, 6.98718786239624, 6.98718786239624, 6.98718786239624, 6.98718786239624, 6.98718786239624, 156.0, 156.0, 156.0, 154.0, 154.0, 156.0, 155.0, 154.0, 154.0, 154.0, 153.0, 153.0, 153.0, 153.0, 153.0, 153.0, 153.0, 152.0, 153.0, 155.0, 153.0, 155.0, 155.0, 153.0, 154.0, 153.0, 154.0, 156.0, 156.0, 155.0, 158.0, 158.0, 158.0, 157.0, 157.0, 157.0, 156.0, 156.0, 153.0, 157.0, 156.0, 157.0, 157.0, 157.0, 157.0, 159.0, 161.0, 158.0, 160.0, 158.0, 158.0, 155.0, 157.0, 156.0, 157.0, 156.0, 155.0, 157.0, 160.0, 160.0, 157.0, 156.0, 160.0, 157.0, 156.0, 156.0, 157.0, 156.0, 156.0, 154.0, 154.0, 154.0, 155.0, 156.0, 154.0, 155.0, 156.0, 156.0, 154.0, 157.0, 156.0, 154.0, 156.0, 152.0, 153.0, 153.0, 155.0, 154.0, 154.0, 155.0, 154.0, 153.0, 154.0, 154.0, 156.0, 154.0, 154.0, 154.0, 153.0, 154.0, 155.0, 156.0, 155.0, 155.0, 158.0, 156.0],