{"LAP": [19.44078826904297, 19.44078826904297, 19.44078826904297, 19.44078826904297, 19.44078826904297, 19.44078826904297, 19.44078826904297, 19.44078826904297, 19.44078826904297, 19.44078826904297, 19.44078826904297, 19.44078826904297, 19.44078826904297, 19.44078826904297, 19.44078826904297, 19.44078826904297, 19.44078826904297, 19.44078826904297, 19.44078826904297, 19.44078826904297, 19.44078826904297, 19.44078826904297, 19.44078826904297, 19.44078826904297, 19.44078826904297, 19.44078826904297, 19.44078826904297, 19.44078826904297, 19.44078826904297, 19.44078826904297, 19.44078826904297, 19.44078826904297, 19.44078826904297, 19.44078826904297, 19.44078826904297, 19.44078826904297, 19.44078826904297, 19.44078826904297, 19.44078826904297, 19.44078826904297, 19.44078826904297], "mask_nr": 63, "mask_points": [[5365, 5364, 5363, 5362, 5362, 5361, 5360, 5359, 5358, 5357, 5356, 5355, 5354, 5353, 5352, 5351, 5350, 5349, 5348, 5347, 5346, 5345, 5344, 5343, 5342, 5341, 5340, 5339, 5338, 5337, 5336, 5335, 5334, 5333, 5332, 5331, 5330, 5329, 5328, 5327, 5326], [2485, 2484, 2483, 2482, 2481, 2480, 2480, 2479, 2478, 2478, 2477, 2477, 2476, 2476, 2475, 2474, 2474, 2473, 2473, 2472, 2471, 2470, 2470, 2469, 2468, 2467, 2467, 2466, 2465, 2464, 2463, 2463, 2462, 2461, 2460, 2459, 2458, 2457, 2457, 2456, 2456]], "bounds": "15000 25000 15000 25000", "angle": [135.0, 135.0, 135.0, 180, 135.0, 90.0, 135.0, 135.0, 90.0, 135.0, 90.0, 135.0, 90.0, 135.0, 135.0, 90.0, 135.0, 90.0, 135.0, 135.0, 135.0, 90.0, 135.0, 135.0, 135.0, 90.0, 135.0, 135.0, 135.0, 135.0, 90.0, 135.0, 135.0, 135.0, 135.0, 135.0, 135.0, 90.0, 135.0, 90.0], "LMP1": [19.44078826904297, 19.44078826904297, 19.44078826904297, 19.44078826904297, 19.44078826904297, 19.44078826904297, 19.44078826904297, 19.44078826904297, 19.44078826904297, 19.44078826904297, 19.44078826904297, 19.44078826904297, 19.44078826904297, 19.44078826904297, 19.44078826904297, 19.44078826904297, 19.44078826904297, 19.44078826904297, 19.44078826904297, 19.44078826904297, 19.44078826904297, 19.44078826904297, 19.44078826904297, 19.44078826904297, 19.44078826904297, 19.44078826904297, 19.44078826904297, 19.44078826904297, 19.44078826904297, 19.44078826904297, 19.44078826904297, 19.44078826904297, 19.44078826904297, 19.44078826904297, 19.44078826904297, 19.44078826904297, 19.44078826904297, 19.44078826904297, 19.44078826904297, 19.44078826904297, 19.44078826904297, 150.0, 149.0, 150.0, 153.0, 153.0, 148.0, 150.0, 148.0, 149.0, 151.0, 151.0, 150.0, 148.0, 148.0, 149.0, 149.0, 149.0, 151.0, 150.0, 149.0, 147.0, 147.0, 145.0, 144.0, 145.0, 145.0, 143.0, 140.0, 141.0, 141.0, 140.0, 141.0, 141.0, 147.0, 144.0, 144.0, 149.0, 147.0, 147.0, 145.0, 146.0], "LMP3D-D": [19.44078826904297, 19.44078826904297, 19.44078826904297, 19.44078826904297, 19.44078826904297, 19.44078826904297, 19.44078826904297, 19.44078826904297, 19.44078826904297, 19.44078826904297, 19.44078826904297, 19.44078826904297, 19.44078826904297, 19.44078826904297, 19.44078826904297, 19.44078826904297, 19.44078826904297, 19.44078826904297, 19.44078826904297, 19.44078826904297, 19.44078826904297, 19.44078826904297, 19.44078826904297, 19.44078826904297, 19.44078826904297, 19.44078826904297, 19.44078826904297, 19.44078826904297, 19.44078826904297, 19.44078826904297, 19.44078826904297, 19.44078826904297, 19.44078826904297, 19.44078826904297, 19.44078826904297, 19.44078826904297, 19.44078826904297, 19.44078826904297, 19.44078826904297, 19.44078826904297, 19.44078826904297, 150.0, 149.0, 150.0, 153.0, 153.0, 148.0, 150.0, 148.0, 149.0, 151.0, 151.0, 150.0, 148.0, 148.0, 149.0, 149.0, 149.0, 151.0, 150.0, 149.0, 147.0, 147.0, 145.0, 144.0, 145.0, 145.0, 143.0, 140.0, 141.0, 141.0, 140.0, 141.0, 141.0, 147.0, 144.0, 144.0, 149.0, 147.0, 147.0, 145.0, 146.0, 141.0, 154.0, 136.0, 142.0, 140.0, 142.0, 139.0, 153.0, 145.0, 145.0, 149.0, 146.0, 155.0, 150.0, 151.0, 142.0, 149.0, 152.0, 141.0, 145.0, 146.0, 140.0, 133.0, 135.0, 138.0, 142.0, 143.0, 144.0, 141.0, 136.0, 137.0, 137.0, 130.0, 139.0, 139.0, 134.0, 134.0, 139.0, 139.0, 140.0, 142.0], "LMP3D-R": [19.44078826904297, 19.44078826904297, 19.44078826904297, 19.44078826904297, 19.44078826904297, 19.44078826904297, 19.44078826904297, 19.44078826904297, 19.44078826904297, 19.44078826904297, 19.44078826904297, 19.44078826904297, 19.44078826904297, 19.44078826904297, 19.44078826904297, 19.44078826904297, 19.44078826904297, 19.44078826904297, 19.44078826904297, 19.44078826904297, 19.44078826904297, 19.44078826904297, 19.44078826904297, 19.44078826904297, 19.44078826904297, 19.44078826904297, 19.44078826904297, 19.44078826904297, 19.44078826904297, 19.44078826904297, 19.44078826904297, 19.44078826904297, 19.44078826904297, 19.44078826904297, 19.44078826904297, 19.44078826904297, 19.44078826904297, 19.44078826904297, 19.44078826904297, 19.44078826904297, 19.44078826904297, 150.0, 149.0, 150.0, 153.0, 153.0, 148.0, 150.0, 148.0, 149.0, 151.0, 151.0, 150.0, 148.0, 148.0, 149.0, 149.0, 149.0, 151.0, 150.0, 149.0, 147.0, 147.0, 145.0, 144.0, 145.0, 145.0, 143.0, 140.0, 141.0, 141.0, 140.0, 141.0, 141.0, 147.0, 144.0, 144.0, 149.0, 147.0, 147.0, 145.0, 146.0, 141.0, 154.0, 136.0, 142.0, 140.0, 142.0, 139.0, 153.0, 145.0, 145.0, 149.0, 146.0, 155.0, 150.0, 151.0, 142.0, 149.0, 152.0, 141.0, 145.0, 146.0, 140.0, 133.0, 135.0, 138.0, 142.0, 143.0, 144.0, 141.0, 136.0, 137.0, 137.0, 130.0, 139.0, 139.0, 134.0, 134.0, 139.0, 139.0, 140.0, 142.0, 152.3867950439453, 153.6724853515625, 150.9882049560547, 151.49847412109375, 151.49847412109375, 149.97177124023438, 152.63079833984375, 154.6957244873047, 150.0157012939453, 152.13124084472656, 154.97018432617188, 154.97018432617188, 154.87347412109375, 153.10861206054688, 155.52301025390625, 154.4364776611328, 158.48641967773438, 156.62330627441406, 154.19769287109375, 151.29440307617188, 149.88319396972656, 147.9005584716797, 147.70599365234375, 145.99649047851562, 143.43466186523438, 143.3477020263672, 143.3477020263672, 144.98065185546875, 150.22128295898438, 146.22511291503906, 143.17457580566406, 152.59027099609375, 152.59027099609375, 149.13107299804688, 150.97494506835938, 148.55996704101562, 151.12454223632812, 149.3388671875, 149.3388671875, 150.54513549804688, 152.6839599609375]}