{"LAP": [159.23736572265625, 159.23736572265625, 159.23736572265625, 159.23736572265625, 159.23736572265625, 159.23736572265625, 159.23736572265625, 159.23736572265625, 159.23736572265625, 159.23736572265625, 159.23736572265625, 159.23736572265625, 159.23736572265625, 159.23736572265625, 159.23736572265625, 159.23736572265625, 159.23736572265625, 159.23736572265625, 159.23736572265625, 159.23736572265625, 159.23736572265625, 159.23736572265625, 159.23736572265625, 159.23736572265625, 159.23736572265625, 159.23736572265625, 159.23736572265625, 159.23736572265625, 159.23736572265625, 159.23736572265625, 162.5565185546875, 162.5565185546875, 162.5565185546875, 162.5565185546875, 162.5565185546875, 162.5565185546875, 162.5565185546875, 162.5565185546875, 162.5565185546875, 162.5565185546875, 162.5565185546875, 162.5565185546875, 162.5565185546875, 162.5565185546875, 162.5565185546875, 162.5565185546875, 162.5565185546875, 162.5565185546875], "mask_nr": 64, "mask_points": [[6576, 6575, 6574, 6573, 6573, 6572, 6571, 6570, 6569, 6569, 6568, 6567, 6567, 6566, 6565, 6564, 6564, 6563, 6562, 6562, 6561, 6561, 6560, 6559, 6559, 6558, 6558, 6557, 6557, 6556, 6556, 6555, 6555, 6554, 6554, 6553, 6553, 6552, 6552, 6551, 6550, 6550, 6549, 6549, 6548, 6548, 6547, 6547], [2450, 2450, 2451, 2452, 2453, 2454, 2455, 2456, 2457, 2458, 2459, 2460, 2461, 2462, 2463, 2464, 2465, 2466, 2467, 2468, 2469, 2470, 2471, 2472, 2473, 2474, 2475, 2476, 2477, 2478, 2479, 2480, 2481, 2482, 2483, 2484, 2485, 2486, 2487, 2488, 2489, 2490, 2491, 2492, 2493, 2494, 2495, 2496]], "bounds": "15000 25000 15000 25000", "angle": [90.0, 45.0, 45.0, 0, 45.0, 45.0, 45.0, 45.0, 0, 45.0, 45.0, 0, 45.0, 45.0, 45.0, 0, 45.0, 45.0, 0, 45.0, 0, 45.0, 45.0, 0, 45.0, 0, 45.0, 0, 45.0, 0, 45.0, 0, 45.0, 0, 45.0, 0, 45.0, 0, 45.0, 45.0, 0, 45.0, 0, 45.0, 0, 45.0, 0], "LMP1": [159.23736572265625, 159.23736572265625, 159.23736572265625, 159.23736572265625, 159.23736572265625, 159.23736572265625, 159.23736572265625, 159.23736572265625, 159.23736572265625, 159.23736572265625, 159.23736572265625, 159.23736572265625, 159.23736572265625, 159.23736572265625, 159.23736572265625, 159.23736572265625, 159.23736572265625, 159.23736572265625, 159.23736572265625, 159.23736572265625, 159.23736572265625, 159.23736572265625, 159.23736572265625, 159.23736572265625, 159.23736572265625, 159.23736572265625, 159.23736572265625, 159.23736572265625, 159.23736572265625, 159.23736572265625, 162.5565185546875, 162.5565185546875, 162.5565185546875, 162.5565185546875, 162.5565185546875, 162.5565185546875, 162.5565185546875, 162.5565185546875, 162.5565185546875, 162.5565185546875, 162.5565185546875, 162.5565185546875, 162.5565185546875, 162.5565185546875, 162.5565185546875, 162.5565185546875, 162.5565185546875, 162.5565185546875, 12.0, 127.0, 4.0, 127.0, 127.0, 21.0, 28.0, 14.0, 14.0, 12.0, 9.0, 178.0, 175.0, 11.0, 29.0, 4.0, 159.0, 19.0, 14.0, 7.0, 14.0, 9.0, 4.0, 4.0, 16.0, 21.0, 21.0, 7.0, 2.0, 177.0, 4.0, 127.0, 175.0, 172.0, 5.0, 4.0, 176.0, 7.0, 7.0, 9.0, 16.0, 12.0, 7.0, 2.0, 4.0, 9.0, 17.0, 21.0], "LMP3D-D": [159.23736572265625, 159.23736572265625, 159.23736572265625, 159.23736572265625, 159.23736572265625, 159.23736572265625, 159.23736572265625, 159.23736572265625, 159.23736572265625, 159.23736572265625, 159.23736572265625, 159.23736572265625, 159.23736572265625, 159.23736572265625, 159.23736572265625, 159.23736572265625, 159.23736572265625, 159.23736572265625, 159.23736572265625, 159.23736572265625, 159.23736572265625, 159.23736572265625, 159.23736572265625, 159.23736572265625, 159.23736572265625, 159.23736572265625, 159.23736572265625, 159.23736572265625, 159.23736572265625, 159.23736572265625, 162.5565185546875, 162.5565185546875, 162.5565185546875, 162.5565185546875, 162.5565185546875, 162.5565185546875, 162.5565185546875, 162.5565185546875, 162.5565185546875, 162.5565185546875, 162.5565185546875, 162.5565185546875, 162.5565185546875, 162.5565185546875, 162.5565185546875, 162.5565185546875, 162.5565185546875, 162.5565185546875, 12.0, 127.0, 4.0, 127.0, 127.0, 21.0, 28.0, 14.0, 14.0, 12.0, 9.0, 178.0, 175.0, 11.0, 29.0, 4.0, 159.0, 19.0, 14.0, 7.0, 14.0, 9.0, 4.0, 4.0, 16.0, 21.0, 21.0, 7.0, 2.0, 177.0, 4.0, 127.0, 175.0, 172.0, 5.0, 4.0, 176.0, 7.0, 7.0, 9.0, 16.0, 12.0, 7.0, 2.0, 4.0, 9.0, 17.0, 21.0, 157.0, 151.0, 143.0, 143.0, 149.0, 138.0, 145.0, 145.0, 158.0, 157.0, 167.0, 167.0, 164.0, 158.0, 157.0, 155.0, 152.0, 145.0, 143.0, 151.0, 159.0, 159.0, 164.0, 159.0, 154.0, 154.0, 153.0, 159.0, 159.0, 159.0, 160.0, 154.0, 154.0, 148.0, 153.0, 150.0, 149.0, 142.0, 147.0, 148.0, 151.0, 145.0, 145.0, 148.0, 148.0, 151.0, 146.0, 135.0], "LMP3D-R": [159.23736572265625, 159.23736572265625, 159.23736572265625, 159.23736572265625, 159.23736572265625, 159.23736572265625, 159.23736572265625, 159.23736572265625, 159.23736572265625, 159.23736572265625, 159.23736572265625, 159.23736572265625, 159.23736572265625, 159.23736572265625, 159.23736572265625, 159.23736572265625, 159.23736572265625, 159.23736572265625, 159.23736572265625, 159.23736572265625, 159.23736572265625, 159.23736572265625, 159.23736572265625, 159.23736572265625, 159.23736572265625, 159.23736572265625, 159.23736572265625, 159.23736572265625, 159.23736572265625, 159.23736572265625, 162.5565185546875, 162.5565185546875, 162.5565185546875, 162.5565185546875, 162.5565185546875, 162.5565185546875, 162.5565185546875, 162.5565185546875, 162.5565185546875, 162.5565185546875, 162.5565185546875, 162.5565185546875, 162.5565185546875, 162.5565185546875, 162.5565185546875, 162.5565185546875, 162.5565185546875, 162.5565185546875, 12.0, 127.0, 4.0, 127.0, 127.0, 21.0, 28.0, 14.0, 14.0, 12.0, 9.0, 178.0, 175.0, 11.0, 29.0, 4.0, 159.0, 19.0, 14.0, 7.0, 14.0, 9.0, 4.0, 4.0, 16.0, 21.0, 21.0, 7.0, 2.0, 177.0, 4.0, 127.0, 175.0, 172.0, 5.0, 4.0, 176.0, 7.0, 7.0, 9.0, 16.0, 12.0, 7.0, 2.0, 4.0, 9.0, 17.0, 21.0, 157.0, 151.0, 143.0, 143.0, 149.0, 138.0, 145.0, 145.0, 158.0, 157.0, 167.0, 167.0, 164.0, 158.0, 157.0, 155.0, 152.0, 145.0, 143.0, 151.0, 159.0, 159.0, 164.0, 159.0, 154.0, 154.0, 153.0, 159.0, 159.0, 159.0, 160.0, 154.0, 154.0, 148.0, 153.0, 150.0, 149.0, 142.0, 147.0, 148.0, 151.0, 145.0, 145.0, 148.0, 148.0, 151.0, 146.0, 135.0, 152.797119140625, 151.3474578857422, 150.02102661132812, 150.02102661132812, 149.513916015625, 144.3198699951172, 140.99209594726562, 150.5621337890625, 143.43409729003906, 143.43409729003906, 141.89337158203125, 149.8297576904297, 155.8284912109375, 155.8284912109375, 155.98397827148438, 151.85821533203125, 151.85821533203125, 143.78213500976562, 154.47235107421875, 154.47235107421875, 146.51263427734375, 150.29974365234375, 150.29974365234375, 149.59214782714844, 139.90428161621094, 135.25900268554688, 131.5478057861328, 145.98648071289062, 145.98648071289062, 159.56517028808594, 149.71774291992188, 149.71774291992188, 27.090858459472656, 162.47640991210938, 16.76976776123047, 37.843727111816406, 48.485877990722656, 169.18496704101562, 169.18496704101562, 174.2617645263672, 165.72377014160156, 165.72377014160156, 162.84811401367188, 153.06141662597656, 149.22210693359375, 143.4906768798828, 148.54013061523438, 148.54013061523438]}