{"LAP": [152.212158203125, 152.212158203125, 152.212158203125, 152.212158203125, 152.212158203125, 152.212158203125, 152.212158203125, 152.212158203125, 152.212158203125, 152.212158203125, 152.212158203125, 152.15603637695312, 152.15603637695312, 152.15603637695312, 152.15603637695312, 152.15603637695312, 152.15603637695312, 152.15603637695312, 152.15603637695312, 152.15603637695312, 152.15603637695312, 152.15603637695312, 152.15603637695312, 152.15603637695312, 152.15603637695312, 152.15603637695312, 152.15603637695312, 152.15603637695312, 152.15603637695312, 152.15603637695312, 152.15603637695312, 152.15603637695312, 152.15603637695312, 152.15603637695312, 152.15603637695312, 152.15603637695312, 152.15603637695312, 152.15603637695312, 152.15603637695312, 152.15603637695312, 153.0616455078125, 153.0616455078125, 153.0616455078125, 153.0616455078125, 153.0616455078125, 153.0616455078125, 153.0616455078125, 153.0616455078125, 153.0616455078125, 153.0616455078125, 153.0616455078125, 153.0616455078125, 153.0616455078125, 153.0616455078125, 153.0616455078125, 153.0616455078125, 153.0616455078125, 153.0616455078125, 153.0616455078125, 153.0616455078125, 153.0616455078125, 153.0616455078125, 153.0616455078125, 153.0616455078125, 153.0616455078125, 153.0616455078125, 153.0616455078125, 153.0616455078125, 153.0616455078125, 153.0616455078125, 153.0616455078125, 153.0616455078125, 153.0616455078125, 153.0616455078125, 153.0616455078125, 153.0616455078125, 153.0616455078125, 153.0616455078125, 153.0616455078125, 153.0616455078125, 153.0616455078125, 153.0616455078125, 153.5760498046875, 153.5760498046875, 153.5760498046875, 153.5760498046875, 153.5760498046875, 153.5760498046875, 153.5760498046875, 153.5760498046875, 153.5760498046875, 153.5760498046875, 154.2919921875, 154.2919921875, 154.2919921875, 154.2919921875, 154.2919921875, 154.2919921875, 154.2919921875, 154.2919921875, 154.2919921875, 154.2919921875, 154.2919921875, 154.2919921875, 154.2919921875, 154.2919921875, 154.2919921875, 154.2919921875, 154.2919921875, 154.2919921875, 154.2919921875, 154.2919921875, 154.2919921875, 154.2919921875, 154.2919921875, 154.2919921875, 154.2919921875, 154.2919921875, 154.2919921875, 154.2919921875], "mask_nr": 123, "mask_points": [[3005.0, 3004.0, 3003.0, 3002.0, 3001.0, 3000.0, 2999.0, 2998.0, 2997.0, 2996.0, 2995.0, 2994.0, 2993.0, 2992.0, 2991.0, 2990.0, 2989.0, 2988.0, 2987.0, 2986.0, 2985.0, 2984.0, 2983.0, 2982.0, 2981.0, 2980.0, 2979.0, 2978.0, 2977.0, 2976.0, 2975.0, 2974.0, 2973.0, 2972.0, 2971.0, 2970.0, 2969.0, 2968.0, 2967.0, 2966.0, 2965.0, 2964.0, 2963.0, 2962.0, 2961.0, 2960.0, 2959.0, 2958.0, 2957.0, 2956.0, 2955.0, 2954.0, 2953.0, 2952.0, 2951.0, 2950.0, 2949.0, 2948.0, 2947.0, 2946.0, 2945.0, 2944.0, 2943.0, 2942.0, 2941.0, 2940.0, 2939.0, 2938.0, 2937.0, 2936.0, 2935.0, 2934.0, 2933.0, 2932.0, 2931.0, 2930.0, 2929.0, 2928.0, 2927.0, 2926.0, 2925.0, 2924.0, 2923.0, 2922.0, 2921.0, 2920.0, 2919.0, 2918.0, 2917.0, 2916.0, 2915.0, 2914.0, 2913.0, 2912.0, 2911.0, 2910.0, 2909.0, 2908.0, 2907.0, 2906.0, 2905.0, 2904.0, 2903.0, 2902.0, 2901.0, 2900.0, 2899.0, 2898.0, 2897.0, 2896.0, 2895.0, 2894.0, 2893.0, 2892.0, 2891.0, 2890.0, 2889.0, 2888.0, 2887.0, 2886.0], [6023.0, 6023.0, 6022.0, 6021.0, 6020.0, 6019.0, 6019.0, 6018.0, 6017.0, 6017.0, 6016.0, 6015.0, 6015.0, 6014.0, 6013.0, 6013.0, 6012.0, 6012.0, 6011.0, 6011.0, 6010.0, 6010.0, 6009.0, 6008.0, 6008.0, 6007.0, 6006.0, 6006.0, 6005.0, 6004.0, 6004.0, 6003.0, 6002.0, 6001.0, 6001.0, 6000.0, 5999.0, 5999.0, 5998.0, 5997.0, 5997.0, 5996.0, 5995.0, 5995.0, 5994.0, 5993.0, 5993.0, 5992.0, 5991.0, 5990.0, 5990.0, 5989.0, 5988.0, 5987.0, 5987.0, 5986.0, 5985.0, 5984.0, 5984.0, 5983.0, 5982.0, 5982.0, 5981.0, 5980.0, 5980.0, 5979.0, 5978.0, 5977.0, 5977.0, 5976.0, 5975.0, 5974.0, 5973.0, 5972.0, 5971.0, 5970.0, 5969.0, 5968.0, 5968.0, 5967.0, 5966.0, 5965.0, 5964.0, 5963.0, 5962.0, 5961.0, 5960.0, 5960.0, 5959.0, 5958.0, 5958.0, 5957.0, 5956.0, 5956.0, 5955.0, 5954.0, 5954.0, 5953.0, 5952.0, 5951.0, 5951.0, 5950.0, 5949.0, 5949.0, 5948.0, 5947.0, 5946.0, 5946.0, 5945.0, 5944.0, 5944.0, 5943.0, 5942.0, 5941.0, 5940.0, 5940.0, 5939.0, 5938.0, 5937.0, 5936.0]], "bounds": "0 15000 65000 75000", "angle": [90.0, 135.0, 135.0, 135.0, 135.0, 90.0, 135.0, 135.0, 90.0, 135.0, 135.0, 90.0, 135.0, 135.0, 90.0, 135.0, 90.0, 135.0, 90.0, 135.0, 90.0, 135.0, 135.0, 90.0, 135.0, 135.0, 90.0, 135.0, 135.0, 90.0, 135.0, 135.0, 135.0, 90.0, 135.0, 135.0, 90.0, 135.0, 135.0, 90.0, 135.0, 135.0, 90.0, 135.0, 135.0, 90.0, 135.0, 135.0, 135.0, 90.0, 135.0, 135.0, 135.0, 90.0, 135.0, 135.0, 135.0, 90.0, 135.0, 135.0, 90.0, 135.0, 135.0, 90.0, 135.0, 135.0, 135.0, 90.0, 135.0, 135.0, 135.0, 135.0, 135.0, 135.0, 135.0, 135.0, 135.0, 90.0, 135.0, 135.0, 135.0, 135.0, 135.0, 135.0, 135.0, 135.0, 90.0, 135.0, 135.0, 90.0, 135.0, 135.0, 90.0, 135.0, 135.0, 90.0, 135.0, 135.0, 135.0, 90.0, 135.0, 135.0, 90.0, 135.0, 135.0, 135.0, 90.0, 135.0, 135.0, 90.0, 135.0, 135.0, 135.0, 135.0, 90.0, 135.0, 135.0, 135.0, 135.0],